package_id,package_name,company_name,package_cc,package_type,package_price,detail,,,,,,,,id
INT001,2EN10-110-A,อินทรประกันภัย,เก๋งไม่เกิน 2000 cc,อินทร 2 Plus,0,"2 Plus เบี้ย 7,500 (ชดเชยค่าเดินทาง)รถยนต์เก๋งไม่เกิน 2,000 CC (ไม่มี Deduct ทุน 100,000)",,,,,,,,
INT002,2EN20-110-A,อินทรประกันภัย,เก๋งไม่เกิน 2000 cc,อินทร 2 Plus,0,"2 Plus เบี้ย 8,500 (ชดเชยค่าเดินทาง)รถยนต์เก๋งไม่เกิน 2,000 CC (ไม่มี Deduct ทุน 200,000)",,,,,,,,
INT003,2EN30-110-A,อินทรประกันภัย,เก๋งไม่เกิน 2000 cc,อินทร 2 Plus,0,"2 Plus เบี้ย 9,000 (ชดเชยค่าเดินทาง)รถยนต์เก๋งไม่เกิน 2,000 CC (ไม่มี Deduct ทุน 300,000)",,,,,,,,
INT004,2PN10-110-A,อินทรประกันภัย,เก๋งไม่เกิน 2000 cc,อินทร 2 Plus,0,"2 Plus เบี้ย 6,900 รถยนต์เก๋งไม่เกิน 2,000 CC (ไม่มี Deduct ทุน 100,000)",,,,,,,,
INT005,2PN20-110-A,อินทรประกันภัย,เก๋งไม่เกิน 2000 cc,อินทร 2 Plus,0,"2 Plus เบี้ย 8,000 รถยนต์เก๋งไม่เกิน 2,000 CC (ไม่มี Deduct ทุน 200,000)",,,,,,,,
INT006,2PN30-110-A,อินทรประกันภัย,เก๋งไม่เกิน 2000 cc,อินทร 2 Plus,0,"2 Plus เบี้ย 8,500 รถยนต์เก๋งไม่เกิน 2,000 CC (ไม่มี Deduct ทุน 300,000)",,,,,,,,
INT007,3EMN50-110-A,อินทรประกันภัย,เก๋งไม่เกิน 2000 cc,อินทร 3 Plus,0,"3 Plus Mini เบี้ย 5,500(ชดเชยค่าเดินทาง)รถยนต์เก๋งไม่เกิน2,000 CC (ไม่มี Deduct ทุน 50,000)",,,,,,,,
INT008,3EN10-110-A,อินทรประกันภัย,เก๋งไม่เกิน 2000 cc,อินทร 3 Plus,0,"3 Plus เบี้ย 7,000 (ชดเชยค่าเดินทาง)รถยนต์เก๋งไม่เกิน 2,000 CC (ไม่มี Deduct ทุน 100,000)",,,,,,,,
INT009,3EN20-110-A,อินทรประกันภัย,เก๋งไม่เกิน 2000 cc,อินทร 3 Plus,0,"3 Plus เบี้ย 7,500 (ชดเชยค่าเดินทาง)รถยนต์เก๋งไม่เกิน 2,000 CC (ไม่มี Deduct ทุน 200,000)",,,,,,,,
INT010,3EN30-110-A,อินทรประกันภัย,เก๋งไม่เกิน 2000 cc,อินทร 3 Plus,0,"3 Plus เบี้ย 8,000 (ชดเชยค่าเดินทาง)รถยนต์เก๋งไม่เกิน 2,000 CC (ไม่มี Deduct ทุน 300,000)",,,,,,,,
INT011,3KP100N-110-A,อินทรประกันภัย,เก๋งไม่เกิน 2000 cc,อินทร 3 กันภัย,0,"อินทร 3 กันภัย รถยนต์เก๋งไม่เกิน 2,000 CC ไม่มีDeduct (ทุน 100,000 บ.)",,,,,,,,
INT012,3MN50-110-A,อินทรประกันภัย,เก๋งไม่เกิน 2000 cc,อินทร 3 Plus,0,"3 Plus Mini เบี้ย 4,900 รถยนต์เก๋งไม่เกิน 2,000 CC (ไม่มี Deduct ทุน 50,000)",,,,,,,,
INT013,3PN10-110-A,อินทรประกันภัย,เก๋งไม่เกิน 2000 cc,อินทร 3 Plus,0,"3 Plus เบี้ย 6,500 รถยนต์เก๋งไม่เกิน 2,000 CC (ไม่มี Deduct ทุน 100,000)",,,,,,,,
INT014,3PN20-110-A,อินทรประกันภัย,เก๋งไม่เกิน 2000 cc,อินทร 3 Plus,0,"3 Plus เบี้ย 7,000 รถยนต์เก๋งไม่เกิน 2,000 CC (ไม่มี Deduct ทุน 200,000)",,,,,,,,
INT015,3PN30-110-A,อินทรประกันภัย,เก๋งไม่เกิน 2000 cc,อินทร 3 Plus,0,"3 Plus เบี้ย 7,500 รถยนต์เก๋งไม่เกิน 2,000 CC (ไม่มี Deduct ทุน 300,000)",,,,,,,,
INT016,3V06N-110-A,อินทรประกันภัย,เก๋งไม่เกิน 2000 cc,ป.3 Special,0,"Special 1 ไม่เกิน 2,000CC.รถยนต์นั่งส่วนบุคคล",,,,,,,,
INT017,3V10N-110-A,อินทรประกันภัย,เก๋งไม่เกิน 2000 cc,ป.3 Special,0,"Special 2 ไม่เกิน 2,000CC.รถยนต์นั่งส่วนบุคคล",,,,,,,,
INT018,3V20N-110-A,อินทรประกันภัย,เก๋งไม่เกิน 2000 cc,ป.3 Special,0,"Special 3 ไม่เกิน 2,000CC.รถยนต์นั่งส่วนบุคคล",,,,,,,,
INT019,2EN10-110-B,อินทรประกันภัย,เก๋งเกิน 2000 cc,อินทร 2 Plus,0,"2 Plus เบี้ย 7,500 (ชดเชยค่าเดินทาง) รถยนต์เก๋งเกิน 2,000CC (ไม่มี Deduct ทุน 100,000)",,,,,,,,
INT020,2EN20-110-B,อินทรประกันภัย,เก๋งเกิน 2000 cc,อินทร 2 Plus,0,"2 Plus เบี้ย 8,500 (ชดเชยค่าเดินทาง) รถยนต์เก๋งเกิน 2,000CC (ไม่มี Deduct ทุน 200,000)",,,,,,,,
INT021,2EN30-110-B,อินทรประกันภัย,เก๋งเกิน 2000 cc,อินทร 2 Plus,0,"2 Plus เบี้ย 9,000 (ชดเชยค่าเดินทาง) รถยนต์เก๋งเกิน 2,000CC (ไม่มี Deduct ทุน 300,000)",,,,,,,,
INT022,2PN10-110-B,อินทรประกันภัย,เก๋งเกิน 2000 cc,อินทร 2 Plus,0,"2 Plus เบี้ย 6,900 รถยนต์เก๋งเกิน 2,000 CC (ไม่มี Deductทุน 100,000)",,,,,,,,
INT023,2PN20-110-B,อินทรประกันภัย,เก๋งเกิน 2000 cc,อินทร 2 Plus,0,"2 Plus เบี้ย 8,000 รถยนต์เก๋งเกิน 2,000 CC (ไม่มี Deductทุน 200,000)",,,,,,,,
INT024,2PN30-110-B,อินทรประกันภัย,เก๋งเกิน 2000 cc,อินทร 2 Plus,0,"2 Plus เบี้ย 8,500 รถยนต์เก๋งเกิน 2,000 CC (ไม่มี Deductทุน 300,000)",,,,,,,,
INT025,3EMN50-110-B,อินทรประกันภัย,เก๋งเกิน 2000 cc,อินทร 3 Plus,0,"3 Plus Mini เบี้ย 5,500(ชดเชยค่าเดินทาง)รถยนต์เก๋งเกิน 2,000 CC (ไม่มี Deduct ทุน 50,000)",,,,,,,,
INT026,3EN10-110-B,อินทรประกันภัย,เก๋งเกิน 2000 cc,อินทร 3 Plus,0,"3 Plus เบี้ย 7,000 (ชดเชยค่าเดินทาง) รถยนต์เก๋งเกิน 2,000CC (ไม่มี Deduct ทุน 100,000)",,,,,,,,
INT027,3EN20-110-B,อินทรประกันภัย,เก๋งเกิน 2000 cc,อินทร 3 Plus,0,"3 Plus เบี้ย 7,500 (ชดเชยค่าเดินทาง) รถยนต์เก๋งเกิน 2,000CC (ไม่มี Deduct ทุน 200,000)",,,,,,,,
INT028,3EN30-110-B,อินทรประกันภัย,เก๋งเกิน 2000 cc,อินทร 3 Plus,0,"3 Plus เบี้ย 8,000 (ชดเชยค่าเดินทาง) รถยนต์เก๋งเกิน 2,000CC (ไม่มี Deduct ทุน 300,000)",,,,,,,,
INT029,3KP100N-110-B,อินทรประกันภัย,เก๋งเกิน 2000 cc,อินทร 3 กันภัย,0,"อินทร 3 กันภัย รถยนต์เก๋งเกิน 2,000 CC ไม่มีDeduct (ทุน 100,000 บ.)",,,,,,,,
INT030,3MN50-110-B,อินทรประกันภัย,เก๋งเกิน 2000 cc,อินทร 3 Plus,0,"3 Plus Mini เบี้ย 4,900 รถยนต์เก๋งเกิน 2,000 CC (ไม่มี Deduct ทุน 50,000)",,,,,,,,
INT031,3PN10-110-B,อินทรประกันภัย,เก๋งเกิน 2000 cc,อินทร 3 Plus,0,"3 Plus เบี้ย 6,500 รถยนต์เก๋งเกิน 2,000 CC (ไม่มี Deductทุน 100,000)",,,,,,,,
INT032,3PN20-110-B,อินทรประกันภัย,เก๋งเกิน 2000 cc,อินทร 3 Plus,0,"3 Plus เบี้ย 7,000 รถยนต์เก๋งเกิน 2,000 CC (ไม่มี Deductทุน 200,000)",,,,,,,,
INT033,3PN30-110-B,อินทรประกันภัย,เก๋งเกิน 2000 cc,อินทร 3 Plus,0,"3 Plus เบี้ย 7,500 รถยนต์เก๋งเกิน 2,000 CC (ไม่มี Deductทุน 300,000)",,,,,,,,
INT034,3V06N-110-B,อินทรประกันภัย,เก๋งเกิน 2000 cc,ป.3 Special,0,"Special 1 เกิน 2,000CC.รถยนต์นั่งส่วนบุคคล",,,,,,,,
INT035,3V10N-110-B,อินทรประกันภัย,เก๋งเกิน 2000 cc,ป.3 Special,0,"Special 2 เกิน 2,000CC.รถยนต์นั่งส่วนบุคคล",,,,,,,,
INT036,3V20N-110-B,อินทรประกันภัย,เก๋งเกิน 2000 cc,ป.3 Special,0,"Special 3 เกิน 2,000CC.รถยนต์นั่งส่วนบุคคล",,,,,,,,
INT037,2EN10-210,อินทรประกันภัย,รถตู้,อินทร 2 Plus,0,"2 Plus เบี้ย 7,500 (ชดเชยค่าเดินทาง)รถยนต์นั่งโดยสารส่วนบุคคล (ไม่มี Deduct ทุน 100,000)",,,,,,,,
INT038,2EN20-210,อินทรประกันภัย,รถตู้,อินทร 2 Plus,0,"2 Plus เบี้ย 8,500 (ชดเชยค่าเดินทาง)รถยนต์นั่งโดยสารส่วนบุคคล (ไม่มี Deduct ทุน 200,000)",,,,,,,,
INT039,2EN30-210,อินทรประกันภัย,รถตู้,อินทร 2 Plus,0,"2 Plus เบี้ย 9,000 (ชดเชยค่าเดินทาง)รถยนต์นั่งโดยสารส่วนบุคคล (ไม่มี Deduct ทุน 300,000)",,,,,,,,
INT040,2PN10-210,อินทรประกันภัย,รถตู้,อินทร 2 Plus,0,"2 Plus เบี้ย 6,900 รถยนต์นั่งโดยสารส่วนบุคคล (ไม่มี Deductทุน 100,000)",,,,,,,,
INT041,2PN20-210,อินทรประกันภัย,รถตู้,อินทร 2 Plus,0,"2 Plus เบี้ย 8,000 รถยนต์นั่งโดยสารส่วนบุคคล (ไม่มี Deductทุน 200,000)",,,,,,,,
INT042,2PN30-210,อินทรประกันภัย,รถตู้,อินทร 2 Plus,0,"2 Plus เบี้ย 8,500 รถยนต์นั่งโดยสารส่วนบุคคล (ไม่มี Deductทุน 300,000)",,,,,,,,
INT043,3EN10-210,อินทรประกันภัย,รถตู้,อินทร 3 Plus,0,"3 Plus เบี้ย 7,000 (ชดเชยค่าเดินทาง)รถยนต์นั่งโดยสารส่วนบุคคล (ไม่มี Deduct ทุน 100,000)",,,,,,,,
INT044,3EN20-210,อินทรประกันภัย,รถตู้,อินทร 3 Plus,0,"3 Plus เบี้ย 7,500 (ชดเชยค่าเดินทาง)รถยนต์นั่งโดยสารส่วนบุคคล (ไม่มี Deduct ทุน 200,000)",,,,,,,,
INT045,3EN30-210,อินทรประกันภัย,รถตู้,อินทร 3 Plus,0,"3 Plus เบี้ย 8,000 (ชดเชยค่าเดินทาง)รถยนต์นั่งโดยสารส่วนบุคคล (ไม่มี Deduct ทุน 300,000)",,,,,,,,
INT046,3KP100N-210,อินทรประกันภัย,รถตู้,อินทร 3 กันภัย,0,"อินทร 3 กันภัย รถตู้ส่วนบุคคล ไม่มี Deduct (ทุน 100,000 บ.)",,,,,,,,
INT047,3PN10-210,อินทรประกันภัย,รถตู้,อินทร 3 Plus,0,"3 Plus เบี้ย 6,500 รถยนต์นั่งโดยสารส่วนบุคคล (ไม่มี Deductทุน 100,000)",,,,,,,,
INT048,3PN20-210,อินทรประกันภัย,รถตู้,อินทร 3 Plus,0,"3 Plus เบี้ย 7,000 รถยนต์นั่งโดยสารส่วนบุคคล (ไม่มี Deductทุน 200,000)",,,,,,,,
INT049,3PN30-210,อินทรประกันภัย,รถตู้,อินทร 3 Plus,0,"3 Plus เบี้ย 7,500 รถยนต์นั่งโดยสารส่วนบุคคล (ไม่มี Deductทุน 300,000)",,,,,,,,
INT050,3V06N-210,อินทรประกันภัย,รถตู้,ป.3 Special,0,Special 1 รถยนต์นั่งโดยสารส่วนบุคคล,,,,,,,,
INT051,3V10N-210,อินทรประกันภัย,รถตู้,ป.3 Special,0,Special 2 รถยนต์นั่งโดยสารส่วนบุคคล,,,,,,,,
INT052,3V20N-210,อินทรประกันภัย,รถตู้,ป.3 Special,0,Special 3 รถยนต์นั่งโดยสารส่วนบุคคล,,,,,,,,
INT053,2EN10-320,อินทรประกันภัย,กระบะ,อินทร 2 Plus,0,"2 Plus เบี้ย 7,500 (ชดเชยเดินทาง)รถยนต์กระบะปิคอัพ (ไม่มีDeduct ทุน 100,000)",,,,,,,,
INT054,2EN20-320,อินทรประกันภัย,กระบะ,อินทร 2 Plus,0,"2 Plus เบี้ย 8,500 (ชดเชยเดินทาง)รถยนต์กระบะปิคอัพ (ไม่มีDeduct ทุน 200,000)",,,,,,,,
INT055,2EN30-320,อินทรประกันภัย,กระบะ,อินทร 2 Plus,0,"2 Plus เบี้ย 9,000 (ชดเชยเดินทาง)รถยนต์กระบะปิคอัพ (ไม่มีDeduct ทุน 300,000)",,,,,,,,
INT056,2PN10-320,อินทรประกันภัย,กระบะ,อินทร 2 Plus,0,"2 Plus เบี้ย 6,900 รถยนต์กระบะปิคอัพ (ไม่มี Deduct (ทุน 100,000)",,,,,,,,
INT057,2PN20-320,อินทรประกันภัย,กระบะ,อินทร 2 Plus,0,"2 Plus เบี้ย 8,000 รถยนต์กระบะปิคอัพ (ไม่มี Deduct ทุน 200,000)",,,,,,,,
INT058,2PN30-320,อินทรประกันภัย,กระบะ,อินทร 2 Plus,0,"2 Plus เบี้ย 8,500 รถยนต์กระบะปิคอัพ (ไม่มี Deduct (ทุน 300,000)",,,,,,,,
INT059,3EMN50-320,อินทรประกันภัย,กระบะ,อินทร 3 Plus,0,"3 Plus Mini เบี้ย 5,500 (ชดเชยค่าเดินทาง)รถยนต์กระบะปิคอัพ (มี Deduct ทุน 50,000)",,,,,,,,
INT060,3EN10-320,อินทรประกันภัย,กระบะ,อินทร 3 Plus,0,"3 Plus เบี้ย 7,000 (ชดเชยเดินทาง)รถยนต์กระบะปิคอัพ (ไม่มีDeduct ทุน 100,000)",,,,,,,,
INT061,3EN20-320,อินทรประกันภัย,กระบะ,อินทร 3 Plus,0,"3 Plus เบี้ย 7,500 (ชดเชยเดินทาง)รถยนต์กระบะปิคอัพ (ไม่มีDeduct ทุน 200,000)",,,,,,,,
INT062,3EN30-320,อินทรประกันภัย,กระบะ,อินทร 3 Plus,0,"3 Plus เบี้ย 8,000 (ชดเชยเดินทาง)รถยนต์กระบะปิคอัพ (ไม่มีDeduct ทุน 300,000)",,,,,,,,
INT063,3KP100N-320,อินทรประกันภัย,กระบะ,อินทร 3 กันภัย,0,"อินทร 3 กันภัย รถบรรทุกไม่เกิน 4 ตัน ไม่มี Deduct (ทุน 100,000 บ.)",,,,,,,,
INT064,3MN50-320,อินทรประกันภัย,กระบะ,อินทร 3 Plus,0,"3 Plus Mini เบี้ย 4,900 รถยนต์กระบะปิคอัพ (ไม่มี Deduct ทุน 50,000)",,,,,,,,
INT065,3PN10-320,อินทรประกันภัย,กระบะ,อินทร 3 Plus,0,"3 Plus เบี้ย 6,500 รถยนต์กระบะปิคอัพ (ไม่มี Deduct ทุน 100,000)",,,,,,,,
INT066,3PN20-320,อินทรประกันภัย,กระบะ,อินทร 3 Plus,0,"3 Plus เบี้ย 7,000 รถยนต์กระบะปิคอัพ (ไม่มี Deduct ทุน 200,000)",,,,,,,,
INT067,3PN30-320,อินทรประกันภัย,กระบะ,อินทร 3 Plus,0,"3 Plus เบี้ย 7,500 รถยนต์กระบะปิคอัพ (ไม่มี Deduct ทุน 300,000)",,,,,,,,
INT068,3V06N-320,อินทรประกันภัย,กระบะ,ป.3 Special,0,Special 1 รถกระบะบรรทุก(ปิคอัพ),,,,,,,,
INT069,3V10N-320,อินทรประกันภัย,กระบะ,ป.3 Special,0,Special 2 รถกระบะบรรทุก(ปิคอัพ),,,,,,,,
INT070,3V20N-320,อินทรประกันภัย,กระบะ,ป.3 Special,0,Special 3 รถกระบะบรรทุก(ปิคอัพ),,,,,,,,
AKA001,PMC110MC5,อาคเนย์ประกันภัย,รถยนต์ที่นั่ง,ป.3 ซิลเวอร์,0,แคมเปญซิลเวอร์ ประเภท 3 รวม พรบ. รถยนต์นั่ง,,,,,,,,
AKA002,PMD110MD1,อาคเนย์ประกันภัย,รถยนต์ที่นั่ง,ป.3 ไดมอนด์,0,แคมเปญไดมอนด์ ประเภท 3 ไม่รวม พรบ. รถยนต์นั่ง,,,,,,,,
AKA003,PME110EC05,อาคเนย์ประกันภัย,รถยนต์ที่นั่ง,3+ ECO Car,0,แคมเปญECO Car,,,,,,,,
AKA004,PME110EP10,อาคเนย์ประกันภัย,รถยนต์ที่นั่ง,3+ ZERO,0,แคมเปญซีโร่ญี่ปุ่น,,,,,,,,
AKA005,PME110EU75,อาคเนย์ประกันภัย,รถยนต์ที่นั่ง,3+ ZERO,0,แคมเปญซีโร่ยุโรป,,,,,,,,
AKA006,PMG110MG6 ,อาคเนย์ประกันภัย,รถยนต์ที่นั่ง,ป.3 โกลด์,0,แคมเปญโกลด์ ประเภท 3 รวม พรบ. รถยนต์นั่ง,,,,,,,,
AKA007,PMP110P010,อาคเนย์ประกันภัย,รถยนต์ที่นั่ง,3+ แพลทตินั่ม,0,"3+ ทุน 1 แสน,Deduct 2 พัน",,,,,,,,
AKA008,PMP110P015,อาคเนย์ประกันภัย,รถยนต์ที่นั่ง,3+ แพลทตินั่ม,0,"3+ ทุน 150,000,Deduct 2 พัน",,,,,,,,
AKA009,PMP110PD10,อาคเนย์ประกันภัย,รถยนต์ที่นั่ง,3+ แพลทตินั่ม,0,"3+ ทุน 1 แสน,Deduct 1 พัน",,,,,,,,
AKA010,PMP110PD15,อาคเนย์ประกันภัย,รถยนต์ที่นั่ง,3+ แพลทตินั่ม,0,"3+ ทุน 150,000,Deduct 1 พัน",,,,,,,,
AKA011,PMP110PN10,อาคเนย์ประกันภัย,รถยนต์ที่นั่ง,3+ แพลทตินั่ม,0,"3+ ทุน 100,000, No Deduct",,,,,,,,
AKA012,PMP110PN15,อาคเนย์ประกันภัย,รถยนต์ที่นั่ง,3+ แพลทตินั่ม,0,"3+ ทุน 150,000, No Deduct",,,,,,,,
AKA013,PMS110S015,อาคเนย์ประกันภัย,รถยนต์ที่นั่ง,2+,0,"2+ ทุน 150,000 ,Deduct 2,000",,,,,,,,
AKA014,PMS110SD15,อาคเนย์ประกันภัย,รถยนต์ที่นั่ง,2+,0,"2+ ทุน 150,000 ,Deduct 1,000",,,,,,,,
AKA015,PMS110SN10,อาคเนย์ประกันภัย,รถยนต์ที่นั่ง,2+,0,"2+ ทุน 100,000 ,No Deduct",,,,,,,,
AKA016,PMS110SN15,อาคเนย์ประกันภัย,รถยนต์ที่นั่ง,2+,0,"2+ ทุน 150,000 ,No Deduct",,,,,,,,
AKA017,PMS110SN20,อาคเนย์ประกันภัย,รถยนต์ที่นั่ง,2+,0,"2+ ทุน 200,000 ,No Deduct",,,,,,,,
AKA018,PMS110SN30,อาคเนย์ประกันภัย,รถยนต์ที่นั่ง,2+,0,"2+ ทุน 300,000 ,No Deduct",,,,,,,,
AKA019,PMC120MC5,อาคเนย์ประกันภัย,รถยนต์นั่งนิติบุคคล,ป.3 ซิลเวอร์,0,แคมเปญซิลเวอร์ ประเภท 3 รวม พรบ. รถยนต์นั่งนิติบุคคล,,,,,,,,
AKA020,PMD120MD1 ,อาคเนย์ประกันภัย,รถยนต์นั่งนิติบุคคล,ป.3 ไดมอนด์,0,แคมเปญไดมอนด์ ประเภท 3 ไม่รวม พรบ. รถยนต์นั่งนิติบุคคล,,,,,,,,
AKA021,PME120EP10,อาคเนย์ประกันภัย,รถยนต์นั่งนิติบุคคล,3+ ZERO,0,แคมเปญซีโร่ญี่ปุ่น,,,,,,,,
AKA022,PME120EU75,อาคเนย์ประกันภัย,รถยนต์นั่งนิติบุคคล,3+ ZERO,0,แคมเปญซีโร่ยุโรป,,,,,,,,
AKA023,PMG120MG6,อาคเนย์ประกันภัย,รถยนต์นั่งนิติบุคคล,ป.3 โกลด์,0,แคมเปญโกลด์ ประเภท 3 รวม พรบ. รถยนต์คนั่งนิติบุคคล,,,,,,,,
AKA024,PMP120P010,อาคเนย์ประกันภัย,รถยนต์นั่งนิติบุคคล,3+ แพลทตินั่ม,0,"3+ ทุน 1 แสน,Deduct 2 พัน",,,,,,,,
AKA025,PMP120P015,อาคเนย์ประกันภัย,รถยนต์นั่งนิติบุคคล,3+ แพลทตินั่ม,0,"3+ ทุน 150,000,Deduct 2 พัน",,,,,,,,
AKA026,PMP120PD10,อาคเนย์ประกันภัย,รถยนต์นั่งนิติบุคคล,3+ แพลทตินั่ม,0,"3+ ทุน 1 แสน,Deduct 1 พัน",,,,,,,,
AKA027,PMP120PD15,อาคเนย์ประกันภัย,รถยนต์นั่งนิติบุคคล,3+ แพลทตินั่ม,0,"3+ ทุน 150,000,Deduct 1 พัน",,,,,,,,
AKA028,PMP120PN10,อาคเนย์ประกันภัย,รถยนต์นั่งนิติบุคคล,3+ แพลทตินั่ม,0,"3+ ทุน 100,000, No Deduct",,,,,,,,
AKA029,PMP120PN15,อาคเนย์ประกันภัย,รถยนต์นั่งนิติบุคคล,3+ แพลทตินั่ม,0,"3+ ทุน 150,000, No Deduct",,,,,,,,
AKA030,PMS120S015,อาคเนย์ประกันภัย,รถยนต์นั่งนิติบุคคล,2+,0,"2+ ทุน 150,000 ,Deduct 2,000",,,,,,,,
AKA031,PMS120SD15,อาคเนย์ประกันภัย,รถยนต์นั่งนิติบุคคล,2+,0,"2+ ทุน 150,000 ,Deduct 1,000",,,,,,,,
AKA032,PMS120SN10,อาคเนย์ประกันภัย,รถยนต์นั่งนิติบุคคล,2+,0,"2+ ทุน 100,000 ,No Deduct",,,,,,,,
AKA033,PMS120SN15,อาคเนย์ประกันภัย,รถยนต์นั่งนิติบุคคล,2+,0,"2+ ทุน 150,000 ,No Deduct",,,,,,,,
AKA034,PMS120SN20,อาคเนย์ประกันภัย,รถยนต์นั่งนิติบุคคล,2+,0,"2+ ทุน 200,000 ,No Deduct",,,,,,,,
AKA035,PMS120SN30,อาคเนย์ประกันภัย,รถยนต์นั่งนิติบุคคล,2+,0,"2+ ทุน 300,000 ,No Deduct",,,,,,,,
AKA036,PMC210MC5,อาคเนย์ประกันภัย,รถยนต์โดยสาร,ป.3 ซิลเวอร์,0,แคมเปญซิลเวอร์ ประเภท 3 รวม พรบ. รถโดยสารส่วนบุคคล,,,,,,,,
AKA037,PMD210MD1,อาคเนย์ประกันภัย,รถยนต์โดยสาร,ป.3 ไดมอนด์,0,แคมเปญไดมอนด์ ประเภท 3 ไม่รวม พรบ. รถโดยสารส่วนบุคคล,,,,,,,,
AKA038,PME210EP10,อาคเนย์ประกันภัย,รถยนต์โดยสาร,3+ ZERO,0,แคมเปญซีโร่ญี่ปุ่น,,,,,,,,
AKA039,PME210EU75,อาคเนย์ประกันภัย,รถยนต์โดยสาร,3+ ZERO,0,แคมเปญซีโร่ยุโรป,,,,,,,,
AKA040,PMG210MG6,อาคเนย์ประกันภัย,รถยนต์โดยสาร,ป.3 โกลด์,0,แคมเปญโกลด์ ประเภท 3 รวม พรบ. รถโดยสารส่วนบุคคล,,,,,,,,
AKA041,PMP210P010,อาคเนย์ประกันภัย,รถยนต์โดยสาร,3+ แพลทตินั่ม,0,"3+ ทุน 1 แสน,Deduct 2 พัน",,,,,,,,
AKA042,PMP210P015,อาคเนย์ประกันภัย,รถยนต์โดยสาร,3+ แพลทตินั่ม,0,"3+ ทุน 150,000,Deduct 2 พัน",,,,,,,,
AKA043,PMP210PD10,อาคเนย์ประกันภัย,รถยนต์โดยสาร,3+ แพลทตินั่ม,0,"3+ ทุน 1 แสน,Deduct 1 พัน",,,,,,,,
AKA044,PMP210PD15,อาคเนย์ประกันภัย,รถยนต์โดยสาร,3+ แพลทตินั่ม,0,"3+ ทุน 150,000,Deduct 1 พัน",,,,,,,,
AKA045,PMP210PN10,อาคเนย์ประกันภัย,รถยนต์โดยสาร,3+ แพลทตินั่ม,0,"3+ ทุน 100,000, No Deduct",,,,,,,,
AKA046,PMP210PN15,อาคเนย์ประกันภัย,รถยนต์โดยสาร,3+ แพลทตินั่ม,0,"3+ ทุน 150,000, No Deduct",,,,,,,,
AKA047,PMS210S015,อาคเนย์ประกันภัย,รถยนต์โดยสาร,2+,0,"2+ ทุน 150,000 ,Deduct 2,000",,,,,,,,
AKA048,PMS210SD15,อาคเนย์ประกันภัย,รถยนต์โดยสาร,2+,0,"2+ ทุน 150,000 ,Deduct 1,000",,,,,,,,
AKA049,PMS210SN10,อาคเนย์ประกันภัย,รถยนต์โดยสาร,2+,0,"2+ ทุน 100,000 ,No Deduct",,,,,,,,
AKA050,PMS210SN15,อาคเนย์ประกันภัย,รถยนต์โดยสาร,2+,0,"2+ ทุน 150,000 ,No Deduct",,,,,,,,
AKA051,PMS210SN20,อาคเนย์ประกันภัย,รถยนต์โดยสาร,2+,0,"2+ ทุน 200,000 ,No Deduct",,,,,,,,
AKA052,PMS210SN30,อาคเนย์ประกันภัย,รถยนต์โดยสาร,2+,0,"2+ ทุน 300,000 ,No Deduct",,,,,,,,
AKA053,PMC320MC5,อาคเนย์ประกันภัย,รถยนต์บรรทุก,ป.3 ซิลเวอร์,0,แคมเปญซิลเวอร์ ประเภท 3 รวม พรบ. รถโดยสารส่วนบุคคล,,,,,,,,
AKA054,PMD320MD1,อาคเนย์ประกันภัย,รถยนต์บรรทุก,ป.3 ไดมอนด์,0,แคมเปญไดมอนด์ ประเภท 3 ไม่รวม พรบ. รถโดยสารส่วนบุคคล,,,,,,,,
AKA055,PME320EP10,อาคเนย์ประกันภัย,รถยนต์บรรทุก,3+ ZERO,0,แคมเปญซีโร่ญี่ปุ่น,,,,,,,,
AKA056,PME320EU75,อาคเนย์ประกันภัย,รถยนต์บรรทุก,3+ ZERO,0,แคมเปญซีโร่ยุโรป,,,,,,,,
AKA057,PMG320MG6,อาคเนย์ประกันภัย,รถยนต์บรรทุก,ป.3 โกลด์,0,แคมเปญโกลด์ ประเภท 3 รวม พรบ. รถโดยสารส่วนบุคคล,,,,,,,,
AKA058,PMP320P010,อาคเนย์ประกันภัย,รถยนต์บรรทุก,3+ แพลทตินั่ม,0,"3+ ทุน 1 แสน,Deduct 2 พัน",,,,,,,,
AKA059,PMP320P015,อาคเนย์ประกันภัย,รถยนต์บรรทุก,3+ แพลทตินั่ม,0,"3+ ทุน 150,000,Deduct 2 พัน",,,,,,,,
AKA060,PMP320PD10,อาคเนย์ประกันภัย,รถยนต์บรรทุก,3+ แพลทตินั่ม,0,"3+ ทุน 1 แสน,Deduct 1 พัน",,,,,,,,
AKA061,PMP320PD15,อาคเนย์ประกันภัย,รถยนต์บรรทุก,3+ แพลทตินั่ม,0,"3+ ทุน 150,000,Deduct 1 พัน",,,,,,,,
AKA062,PMP320PN10,อาคเนย์ประกันภัย,รถยนต์บรรทุก,3+ แพลทตินั่ม,0,"3+ ทุน 100,000, No Deduct",,,,,,,,
AKA063,PMP320PN15,อาคเนย์ประกันภัย,รถยนต์บรรทุก,3+ แพลทตินั่ม,0,"3+ ทุน 150,000, No Deduct",,,,,,,,
AKA064,PMS320S015,อาคเนย์ประกันภัย,รถยนต์บรรทุก,2+,0,"2+ ทุน 150,000 ,Deduct 2,000",,,,,,,,
AKA065,PMS320SD15,อาคเนย์ประกันภัย,รถยนต์บรรทุก,2+,0,"2+ ทุน 150,000 ,Deduct 1,000",,,,,,,,
AKA066,PMS320SN10,อาคเนย์ประกันภัย,รถยนต์บรรทุก,2+,0,"2+ ทุน 100,000 ,No Deduct",,,,,,,,
AKA067,PMS320SN15,อาคเนย์ประกันภัย,รถยนต์บรรทุก,2+,0,"2+ ทุน 150,000 ,No Deduct",,,,,,,,
AKA068,PMS320SN20,อาคเนย์ประกันภัย,รถยนต์บรรทุก,2+,0,"2+ ทุน 200,000 ,No Deduct",,,,,,,,
AKA069,PMS320SN30,อาคเนย์ประกันภัย,รถยนต์บรรทุก,2+,0,"2+ ทุน 300,000 ,No Deduct",,,,,,,,
THP001,N11C1,ไทยไพบูลย์ประกันภัย,เก๋งไม่เกิน 2000 cc,ประเภท 3,0,"ป.3 เก๋ง (บุคคล) < 2,000 CC. เบี้ย 1,911.02 บาท",,,,,,,,
THP002,N11D1,ไทยไพบูลย์ประกันภัย,เก๋งไม่เกิน 2000 cc,2 Plus,0,"ป.2+ เก๋ง (บุคคล) < 2,000 CC. เบี้ย 6,899.36 บาท ทุน 1 แสน",,,,,,,,
THP003,N11E1,ไทยไพบูลย์ประกันภัย,เก๋งไม่เกิน 2000 cc,3 Plus,0,"ป.3+ เก๋ง (บุคคล) < 2,000 CC. เบี้ย 6,386.83 บาท ทุน 1 แสน",,,,,,,,
THP004,N11C2,ไทยไพบูลย์ประกันภัย,เก๋งเกิน 2000 cc,ประเภท 3,0,"ป.3 เก๋ง (บุคคล) > 2,000 CC. เบี้ย 1,911.02 บาท",,,,,,,,
THP005,N11D2,ไทยไพบูลย์ประกันภัย,เก๋งเกิน 2000 cc,2 Plus,0,"ป.2+ เก๋ง (บุคคล) > 2,000 CC. เบี้ย 6,899.36 บาท ทุน 1 แสน",,,,,,,,
THP006,N11E2,ไทยไพบูลย์ประกันภัย,เก๋งเกิน 2000 cc,3 Plus,0,"ป.3+ เก๋ง (บุคคล) > 2,000 CC. เบี้ย 6,386.83 บาท ทุน 1 แสน",,,,,,,,
THP007,NS02,ไทยไพบูลย์ประกันภัย,เก๋งเกิน 2000 cc,ประเภท 3,0,"ป.3 TAXI (730) < 2,000CC. เบี้ย 7,400.12 บาท",,,,,,,,
THP008,D21D,ไทยไพบูลย์ประกันภัย,รถตู้,2 Plus,0,"ป.2+ ตู้โดยสาร (บุคคล) <12 ที่นั่ง เบี้ย 8,545.02 บาท ทุน 1 แสน",,,,,,,,
THP009,N21C,ไทยไพบูลย์ประกันภัย,รถตู้,ประเภท 3,0,"ป.3 ตู้โดยสาร (บุคคล) < 12 ที่นั่ง.เบี้ย 3,839.16 บาท",,,,,,,,
THP010,N21E,ไทยไพบูลย์ประกันภัย,รถตู้,3 Plus,0,"ป.3+ ตู้โดยสาร (บุคคล) 12 ที่นั่ง เบี้ย 6,386.83 บาท ทุน 1 แสน",,,,,,,,
THP011,D32D,ไทยไพบูลย์ประกันภัย,กระบะ,ประเภท 3,0,"ป.2+ กระบะ (บุคคล) < 4 ตัน เบี้ย 7,939.40 บาท ทุน 1 แสน",,,,,,,,
THP012,N32C,ไทยไพบูลย์ประกันภัย,กระบะ,2 Plus,0,"ป.3 กระบะ (บุคคล) < 4 ตัน เบี้ย 2,993.86 บาท",,,,,,,,
THP013,N32E,ไทยไพบูลย์ประกันภัย,กระบะ,3 Plus,0,"ป.3+ กระบะ (บุคคล) < 4 ตัน เบี้ย 6,386.83 บาท ทุน 1 แสน",,,,,,,,
ALI001,85246,อลิอันซ์ ซี.พี. ประกันภัย,รถยนต์นั่ง ไม่เกิน 2000 cc,2 Plus GOLd,0,110 <=2000_AZCP 2 Plus_Gold_No Deduct ทุน100000 (2PN110GT10-A) มีน้ำท่วม ไม่มี Deduct,,,,,,,,
ALI002,85249,อลิอันซ์ ซี.พี. ประกันภัย,รถยนต์นั่ง ไม่เกิน 2000 cc,2 Plus GOLd,0,110 <=2000_AZCP 2 Plus_Gold_No Deduct ทุน200000 (2PN110GT20-A) มีน้ำท่วม ไม่มี Deduct,,,,,,,,
ALI003,85252,อลิอันซ์ ซี.พี. ประกันภัย,รถยนต์นั่ง ไม่เกิน 2000 cc,2 Plus GOLd,0,110 <=2000_AZCP 2 Plus_Gold_No Deduct ทุน300000 (2PN110GT30-A) มีน้ำท่วม ไม่มี Deduct,,,,,,,,
ALI004,85211,อลิอันซ์ ซี.พี. ประกันภัย,รถยนต์นั่ง ไม่เกิน 2000 cc,2 Plus Silver,0,110 <=2000_AZCP 2 Plus_Silver_No Deduct ทุน100000 (2PN110ST10-A) มีน้ำท่วม ไม่มี Deduct,,,,,,,,
ALI005,85214,อลิอันซ์ ซี.พี. ประกันภัย,รถยนต์นั่ง ไม่เกิน 2000 cc,2 Plus Silver,0,110 <=2000_AZCP 2 Plus_Silver_No Deduct ทุน200000 (2PN110ST20-A) มีน้ำท่วม ไม่มี Deduct,,,,,,,,
ALI006,85217,อลิอันซ์ ซี.พี. ประกันภัย,รถยนต์นั่ง ไม่เกิน 2000 cc,2 Plus Silver,0,110 <=2000_AZCP 2 Plus_Silver_No Deduct ทุน300000 (2PN110ST30-A) มีน้ำท่วม ไม่มี Deduct,,,,,,,,
ALI007,85282,อลิอันซ์ ซี.พี. ประกันภัย,รถยนต์นั่ง ไม่เกิน 2000 cc,3 Plus GOLd,0,110 <=2000_AZCP 3 Plus_Gold_No Deduct ทุน100000 (3PN110GT10-A) มีน้ำท่วม ไม่มี Deduct,,,,,,,,
ALI008,85285,อลิอันซ์ ซี.พี. ประกันภัย,รถยนต์นั่ง ไม่เกิน 2000 cc,3 Plus GOLd,0,110 <=2000_AZCP 3 Plus_Gold_No Deduct ทุน200000 (3PN110GT20-A) มีน้ำท่วม ไม่มี Deduct,,,,,,,,
ALI009,85288,อลิอันซ์ ซี.พี. ประกันภัย,รถยนต์นั่ง ไม่เกิน 2000 cc,3 Plus GOLd,0,110 <=2000_AZCP 3 Plus_Gold_No Deduct ทุน300000 (3PN110GT30-A) มีน้ำท่วม ไม่มี Deduct,,,,,,,,
ALI010,85264,อลิอันซ์ ซี.พี. ประกันภัย,รถยนต์นั่ง ไม่เกิน 2000 cc,3 Plus Silver,0,110 <=2000_AZCP 3 Plus_Silver_No Deduct ทุน100000 (3PN110ST10-A) มีน้ำท่วม ไม่มี Deduct,,,,,,,,
ALI011,85267,อลิอันซ์ ซี.พี. ประกันภัย,รถยนต์นั่ง ไม่เกิน 2000 cc,3 Plus Silver,0,110 <=2000_AZCP 3 Plus_Silver_No Deduct ทุน200000 (3PN110ST20-A) มีน้ำท่วม ไม่มี Deduct,,,,,,,,
ALI012,85270,อลิอันซ์ ซี.พี. ประกันภัย,รถยนต์นั่ง ไม่เกิน 2000 cc,3 Plus Silver,0,110 <=2000_AZCP 3 Plus_Silver_No Deduct ทุน300000 (3PN110ST30-A) มีน้ำท่วม ไม่มี Deduct,,,,,,,,
ALI013,85255,อลิอันซ์ ซี.พี. ประกันภัย,รถยนต์นั่ง ไม่เกิน 2000 cc,2 Plus GOLd,0,110 <=2000_AZCP 2 Plus_Gold_Deduct ทุน100000 (2PD110GT10-A) มีน้ำท่วม Deduct,,,,,,,,
ALI014,85258,อลิอันซ์ ซี.พี. ประกันภัย,รถยนต์นั่ง ไม่เกิน 2000 cc,2 Plus GOLd,0,110 <=2000_AZCP 2 Plus_Gold_Deduct ทุน200000 (2PD110GT20-A) มีน้ำท่วม Deduct,,,,,,,,
ALI015,85261,อลิอันซ์ ซี.พี. ประกันภัย,รถยนต์นั่ง ไม่เกิน 2000 cc,2 Plus GOLd,0,110 <=2000_AZCP 2 Plus_Gold_Deduct ทุน300000 (2PD110GT30-A) มีน้ำท่วม Deduct,,,,,,,,
ALI016,85237,อลิอันซ์ ซี.พี. ประกันภัย,รถยนต์นั่ง ไม่เกิน 2000 cc,2 Plus Silver,0,110 <=2000_AZCP 2 Plus_Silver_Deduct ทุน100000 (2PD110ST10-A) มีน้ำท่วม Deduct,,,,,,,,
ALI017,85240,อลิอันซ์ ซี.พี. ประกันภัย,รถยนต์นั่ง ไม่เกิน 2000 cc,2 Plus Silver,0,110 <=2000_AZCP 2 Plus_Silver_Deduct ทุน200000 (2PD110ST20-A) มีน้ำท่วม Deduct,,,,,,,,
ALI018,85243,อลิอันซ์ ซี.พี. ประกันภัย,รถยนต์นั่ง ไม่เกิน 2000 cc,2 Plus Silver,0,110 <=2000_AZCP 2 Plus_Silver_Deduct ทุน300000 (2PD110ST30-A) มีน้ำท่วม Deduct,,,,,,,,
ALI019,85291,อลิอันซ์ ซี.พี. ประกันภัย,รถยนต์นั่ง ไม่เกิน 2000 cc,3 Plus GOLd,0,110 <=2000_AZCP 3 Plus_Gold_Deduct ทุน100000 (3PD110GT10-A) มีน้ำท่วม Deduct,,,,,,,,
ALI020,85294,อลิอันซ์ ซี.พี. ประกันภัย,รถยนต์นั่ง ไม่เกิน 2000 cc,3 Plus GOLd,0,110 <=2000_AZCP 3 Plus_Gold_Deduct ทุน200000 (3PD110GT20-A) มีน้ำท่วม Deduct,,,,,,,,
ALI021,85297,อลิอันซ์ ซี.พี. ประกันภัย,รถยนต์นั่ง ไม่เกิน 2000 cc,3 Plus GOLd,0,110 <=2000_AZCP 3 Plus_Gold_Deduct ทุน300000 (3PD110GT30-A) มีน้ำท่วม Deduct,,,,,,,,
ALI022,85273,อลิอันซ์ ซี.พี. ประกันภัย,รถยนต์นั่ง ไม่เกิน 2000 cc,3 Plus Silver,0,110 <=2000_AZCP 3 Plus_Silver_Deduct ทุน100000 (3PD110ST10-A) มีน้ำท่วม Deduct,,,,,,,,
ALI023,85276,อลิอันซ์ ซี.พี. ประกันภัย,รถยนต์นั่ง ไม่เกิน 2000 cc,3 Plus Silver,0,110 <=2000_AZCP 3 Plus_Silver_Deduct ทุน200000 (3PD110ST20-A) มีน้ำท่วม Deduct,,,,,,,,
ALI024,85279,อลิอันซ์ ซี.พี. ประกันภัย,รถยนต์นั่ง ไม่เกิน 2000 cc,3 Plus Silver,0,110 <=2000_AZCP 3 Plus_Silver_Deduct ทุน300000 (3PD110ST30-A) มีน้ำท่วม Deduct,,,,,,,,
ALI025,85309,อลิอันซ์ ซี.พี. ประกันภัย,รถยนต์นั่ง ไม่เกิน 2000 cc,2 Plus GOLd,0,110 <= 2000_AZCP 2 Plus Flood_Gold_No Deduct ทุน100000 (2PN110GF10-A) มีน้ำท่วม ไม่มี Deduct,,,,,,,,
ALI026,85312,อลิอันซ์ ซี.พี. ประกันภัย,รถยนต์นั่ง ไม่เกิน 2000 cc,2 Plus GOLd,0,110 <= 2000_AZCP 2 Plus Flood_Gold_No Deduct ทุน200000 (2PN110GF20-A) มีน้ำท่วม ไม่มี Deduct,,,,,,,,
ALI027,85315,อลิอันซ์ ซี.พี. ประกันภัย,รถยนต์นั่ง ไม่เกิน 2000 cc,2 Plus GOLd,0,110 <= 2000_AZCP 2 Plus Flood_Gold_No Deduct ทุน300000 (2PN110GF30-A),,,,,,,,
ALI028,85537,อลิอันซ์ ซี.พี. ประกันภัย,รถยนต์นั่ง ไม่เกิน 2000 cc,2 Plus Silver,0,110 <= 2000_AZCP 2 Plus Flood_Silver_Deduct ทุน100000 (2PN110SF-A) มีน้ำท่วม ไม่มี Deduct,,,,,,,,
ALI029,85538,อลิอันซ์ ซี.พี. ประกันภัย,รถยนต์นั่ง ไม่เกิน 2000 cc,2 Plus Silver,0,110 > 2000_AZCP 2 Plus Flood_Silver_Deduct ทุน100000 (2PN110SF-A) มีน้ำท่วม ไม่มี Deduct,,,,,,,,
ALI030,85539,อลิอันซ์ ซี.พี. ประกันภัย,รถยนต์นั่ง ไม่เกิน 2000 cc,2 Plus Silver,0,320_AZCP 2 Plus Flood_Silver_Deduct ทุน100000 (2PN110SF-A) มีน้ำท่วม ไม่มี Deduct,,,,,,,,
ALI031,85540,อลิอันซ์ ซี.พี. ประกันภัย,รถยนต์นั่ง ไม่เกิน 2000 cc,2 Plus Silver,0,110 <= 2000_AZCP 2 Plus Flood_Silver_Deduct ทุน200000 (2PN110SF-A) มีน้ำท่วม ไม่มี Deduct,,,,,,,,
ALI032,85541,อลิอันซ์ ซี.พี. ประกันภัย,รถยนต์นั่ง ไม่เกิน 2000 cc,2 Plus Silver,0,110 > 2000_AZCP 2 Plus Flood_Silver_Deduct ทุน200000 (2PN110SF-A) มีน้ำท่วม ไม่มี Deduct,,,,,,,,
ALI033,85542,อลิอันซ์ ซี.พี. ประกันภัย,รถยนต์นั่ง ไม่เกิน 2000 cc,2 Plus Silver,0,320_AZCP 2 Plus Flood_Silver_Deduct ทุน200000 (2PN110SF-A) มีน้ำท่วม ไม่มี Deduct,,,,,,,,
ALI034,85543,อลิอันซ์ ซี.พี. ประกันภัย,รถยนต์นั่ง ไม่เกิน 2000 cc,2 Plus Silver,0,110 <= 2000_AZCP 2 Plus Flood_Silver_Deduct ทุน300000 (2PN110SF-A) มีน้ำท่วม ไม่มี Deduct,,,,,,,,
ALI035,85544,อลิอันซ์ ซี.พี. ประกันภัย,รถยนต์นั่ง ไม่เกิน 2000 cc,2 Plus Silver,0,110 > 2000_AZCP 2 Plus Flood_Silver_Deduct ทุน300000 (2PN110SF-A) มีน้ำท่วม ไม่มี Deduct,,,,,,,,
ALI036,85545,อลิอันซ์ ซี.พี. ประกันภัย,รถยนต์นั่ง ไม่เกิน 2000 cc,2 Plus Silver,0,320_AZCP 2 Plus Flood_Silver_Deduct ทุน300000 (2PN110SF-A) มีน้ำท่วม ไม่มี Deduct,,,,,,,,
ALI037,85546,อลิอันซ์ ซี.พี. ประกันภัย,รถยนต์นั่ง ไม่เกิน 2000 cc,2 Plus Silver,0,110 <= 2000_AZCP 2 Plus Flood_Gold_Deduct ทุน100000 (2PN110SF-A) มีน้ำท่วม ไม่มี Deduct,,,,,,,,
ALI038,85547,อลิอันซ์ ซี.พี. ประกันภัย,รถยนต์นั่ง ไม่เกิน 2000 cc,2 Plus Silver,0,110 > 2000_AZCP 2 Plus Flood_Gold_Deduct ทุน100000 (2PN110SF-A) มีน้ำท่วม ไม่มี Deduct,,,,,,,,
ALI039,85548,อลิอันซ์ ซี.พี. ประกันภัย,รถยนต์นั่ง ไม่เกิน 2000 cc,2 Plus Silver,0,320_AZCP 2 Plus Flood_Gold_Deduct ทุน100000 (2PN110SF-A) มีน้ำท่วม ไม่มี Deduct,,,,,,,,
ALI040,85549,อลิอันซ์ ซี.พี. ประกันภัย,รถยนต์นั่ง ไม่เกิน 2000 cc,2 Plus Silver,0,110 <= 2000_AZCP 2 Plus Flood_Gold_Deduct ทุน200000 (2PN110SF-A) มีน้ำท่วม ไม่มี Deduct,,,,,,,,
ALI041,85550,อลิอันซ์ ซี.พี. ประกันภัย,รถยนต์นั่ง ไม่เกิน 2000 cc,2 Plus Silver,0,110 > 2000_AZCP 2 Plus Flood_Gold_Deduct ทุน200000 (2PN110SF-A) มีน้ำท่วม ไม่มี Deduct,,,,,,,,
ALI042,85551,อลิอันซ์ ซี.พี. ประกันภัย,รถยนต์นั่ง ไม่เกิน 2000 cc,2 Plus Silver,0,320_AZCP 2 Plus Flood_Gold_Deduct ทุน200000 (2PN110SF-A) มีน้ำท่วม ไม่มี Deduct,,,,,,,,
ALI043,85552,อลิอันซ์ ซี.พี. ประกันภัย,รถยนต์นั่ง ไม่เกิน 2000 cc,2 Plus Silver,0,110 <= 2000_AZCP 2 Plus Flood_Gold_Deduct ทุน300000 (2PN110SF-A) มีน้ำท่วม ไม่มี Deduct,,,,,,,,
ALI044,85554,อลิอันซ์ ซี.พี. ประกันภัย,รถยนต์นั่ง ไม่เกิน 2000 cc,2 Plus Silver,0,110 > 2000_AZCP 2 Plus Flood_Gold_Deduct ทุน300000 (2PN110SF-A) มีน้ำท่วม ไม่มี Deduct,,,,,,,,
ALI045,85555,อลิอันซ์ ซี.พี. ประกันภัย,รถยนต์นั่ง ไม่เกิน 2000 cc,2 Plus Silver,0,320_AZCP 2 Plus Flood_Gold_Deduct ทุน300000 (2PN110SF-A) มีน้ำท่วม ไม่มี Deduct,,,,,,,,
ALI046,85556,อลิอันซ์ ซี.พี. ประกันภัย,รถยนต์นั่ง ไม่เกิน 2000 cc,2 Plus Silver,0,110 <= 2000_AZCP 3 Plus Flood_Silver_Deduct ทุน100000 (2PN110SF-A) มีน้ำท่วม ไม่มี Deduct,,,,,,,,
ALI047,85557,อลิอันซ์ ซี.พี. ประกันภัย,รถยนต์นั่ง ไม่เกิน 2000 cc,2 Plus Silver,0,110 > 2000_AZCP 3 Plus Flood_Silver_Deduct ทุน100000 (2PN110SF-A) มีน้ำท่วม ไม่มี Deduct,,,,,,,,
ALI048,85558,อลิอันซ์ ซี.พี. ประกันภัย,รถยนต์นั่ง ไม่เกิน 2000 cc,2 Plus Silver,0,320_AZCP 3 Plus Flood_Silver_Deduct ทุน100000 (2PN110SF-A) มีน้ำท่วม ไม่มี Deduct,,,,,,,,
ALI049,85559,อลิอันซ์ ซี.พี. ประกันภัย,รถยนต์นั่ง ไม่เกิน 2000 cc,2 Plus Silver,0,110 <= 2000_AZCP 3 Plus Flood_Silver_Deduct ทุน200000 (2PN110SF-A) มีน้ำท่วม ไม่มี Deduct,,,,,,,,
ALI050,85560,อลิอันซ์ ซี.พี. ประกันภัย,รถยนต์นั่ง ไม่เกิน 2000 cc,2 Plus Silver,0,110 > 2000_AZCP 3 Plus Flood_Silver_Deduct ทุน200000 (2PN110SF-A) มีน้ำท่วม ไม่มี Deduct,,,,,,,,
ALI051,85561,อลิอันซ์ ซี.พี. ประกันภัย,รถยนต์นั่ง ไม่เกิน 2000 cc,2 Plus Silver,0,320_AZCP 3 Plus Flood_Silver_Deduct ทุน200000 (2PN110SF-A) มีน้ำท่วม ไม่มี Deduct,,,,,,,,
ALI052,85562,อลิอันซ์ ซี.พี. ประกันภัย,รถยนต์นั่ง ไม่เกิน 2000 cc,2 Plus Silver,0,110 <= 2000_AZCP 3 Plus Flood_Silver_Deduct ทุน300000 (2PN110SF-A) มีน้ำท่วม ไม่มี Deduct,,,,,,,,
ALI053,85563,อลิอันซ์ ซี.พี. ประกันภัย,รถยนต์นั่ง ไม่เกิน 2000 cc,2 Plus Silver,0,110 > 2000_AZCP 3 Plus Flood_Silver_Deduct ทุน300000 (2PN110SF-A) มีน้ำท่วม ไม่มี Deduct,,,,,,,,
ALI054,85564,อลิอันซ์ ซี.พี. ประกันภัย,รถยนต์นั่ง ไม่เกิน 2000 cc,2 Plus Silver,0,320_AZCP 3 Plus Flood_Silver_Deduct ทุน300000 (2PN110SF-A) มีน้ำท่วม ไม่มี Deduct,,,,,,,,
ALI055,85565,อลิอันซ์ ซี.พี. ประกันภัย,รถยนต์นั่ง ไม่เกิน 2000 cc,2 Plus Silver,0,110 <= 2000_AZCP 3 Plus Flood_Gold_Deduct ทุน100000 (2PN110SF-A) มีน้ำท่วม ไม่มี Deduct,,,,,,,,
ALI056,85566,อลิอันซ์ ซี.พี. ประกันภัย,รถยนต์นั่ง ไม่เกิน 2000 cc,2 Plus Silver,0,110 > 2000_AZCP 3 Plus Flood_Gold_Deduct ทุน100000 (2PN110SF-A) มีน้ำท่วม ไม่มี Deduct,,,,,,,,
ALI057,85567,อลิอันซ์ ซี.พี. ประกันภัย,รถยนต์นั่ง ไม่เกิน 2000 cc,2 Plus Silver,0,320_AZCP 3 Plus Flood_Gold_Deduct ทุน100000 (2PN110SF-A) มีน้ำท่วม ไม่มี Deduct,,,,,,,,
ALI058,85568,อลิอันซ์ ซี.พี. ประกันภัย,รถยนต์นั่ง ไม่เกิน 2000 cc,2 Plus Silver,0,110 <= 2000_AZCP 3 Plus Flood_Gold_Deduct ทุน200000 (2PN110SF-A) มีน้ำท่วม ไม่มี Deduct,,,,,,,,
ALI059,85569,อลิอันซ์ ซี.พี. ประกันภัย,รถยนต์นั่ง ไม่เกิน 2000 cc,2 Plus Silver,0,110 > 2000_AZCP 3 Plus Flood_Gold_Deduct ทุน200000 (2PN110SF-A) มีน้ำท่วม ไม่มี Deduct,,,,,,,,
ALI060,85570,อลิอันซ์ ซี.พี. ประกันภัย,รถยนต์นั่ง ไม่เกิน 2000 cc,2 Plus Silver,0,320_AZCP 3 Plus Flood_Gold_Deduct ทุน200000 (2PN110SF-A) มีน้ำท่วม ไม่มี Deduct,,,,,,,,
ALI061,85571,อลิอันซ์ ซี.พี. ประกันภัย,รถยนต์นั่ง ไม่เกิน 2000 cc,2 Plus Silver,0,110 <= 2000_AZCP 3 Plus Flood_Gold_Deduct ทุน300000 (2PN110SF-A) มีน้ำท่วม ไม่มี Deduct,,,,,,,,
ALI062,85572,อลิอันซ์ ซี.พี. ประกันภัย,รถยนต์นั่ง ไม่เกิน 2000 cc,2 Plus Silver,0,110 > 2000_AZCP 3 Plus Flood_Gold_Deduct ทุน300000 (2PN110SF-A) มีน้ำท่วม ไม่มี Deduct,,,,,,,,
ALI063,85573,อลิอันซ์ ซี.พี. ประกันภัย,รถยนต์นั่ง ไม่เกิน 2000 cc,2 Plus Silver,0,320_AZCP 3 Plus Flood_Gold_Deduct ทุน300000 (2PN110SF-A) มีน้ำท่วม ไม่มี Deduct,,,,,,,,
ALI064,85300,อลิอันซ์ ซี.พี. ประกันภัย,รถยนต์นั่ง ไม่เกิน 2000 cc,2 Plus Silver,0,110 <= 2000_AZCP 2 Plus Flood_Silver_No Deduct ทุน100000 (2PN110SF10-A) มีน้ำท่วม ไม่มี Deduct,,,,,,,,
ALI065,85303,อลิอันซ์ ซี.พี. ประกันภัย,รถยนต์นั่ง ไม่เกิน 2000 cc,2 Plus Silver,0,110 <= 2000_AZCP 2 Plus Flood_Silver_No Deduct ทุน200000 (2PN110SF20-A) มีน้ำท่วม ไม่มี Deduct,,,,,,,,
ALI066,85306,อลิอันซ์ ซี.พี. ประกันภัย,รถยนต์นั่ง ไม่เกิน 2000 cc,2 Plus Silver,0,110 <= 2000_AZCP 2 Plus Flood_Silver_No Deduct ทุน300000 (2PN110SF30-A) มีน้ำท่วม ไม่มี Deduct,,,,,,,,
ALI067,85327,อลิอันซ์ ซี.พี. ประกันภัย,รถยนต์นั่ง ไม่เกิน 2000 cc,3 Plus GOLd,0,110 <= 2000_AZCP 3 Plus Flood_Gold_No Deduct ทุน100000 (3PN110GF10-A) มีน้ำท่วม ไม่มี Deduct,,,,,,,,
ALI068,85330,อลิอันซ์ ซี.พี. ประกันภัย,รถยนต์นั่ง ไม่เกิน 2000 cc,3 Plus GOLd,0,110 <= 2000_AZCP 3 Plus Flood_Gold_No Deduct ทุน200000 (3PN110GF20-A) มีน้ำท่วม ไม่มี Deduct,,,,,,,,
ALI069,85333,อลิอันซ์ ซี.พี. ประกันภัย,รถยนต์นั่ง ไม่เกิน 2000 cc,3 Plus GOLd,0,110 <= 2000_AZCP 3 Plus Flood_Gold_No Deduct ทุน300000 (3PN110GF30-A) มีน้ำท่วม ไม่มี Deduct,,,,,,,,
ALI070,85318,อลิอันซ์ ซี.พี. ประกันภัย,รถยนต์นั่ง ไม่เกิน 2000 cc,3 Plus Silver,0,110 <= 2000_AZCP 3 Plus Flood_Silver_No Deduct ทุน100000 (3PN110SF10-A) มีน้ำท่วม ไม่มี Deduct,,,,,,,,
ALI071,85321,อลิอันซ์ ซี.พี. ประกันภัย,รถยนต์นั่ง ไม่เกิน 2000 cc,3 Plus Silver,0,110 <= 2000_AZCP 3 Plus Flood_Silver_No Deduct ทุน200000 (3PN110SF20-A) มีน้ำท่วม ไม่มี Deduct,,,,,,,,
ALI072,85324,อลิอันซ์ ซี.พี. ประกันภัย,รถยนต์นั่ง ไม่เกิน 2000 cc,3 Plus Silver,0,110 <= 2000_AZCP 3 Plus Flood_Silver_No Deduct ทุน300000 (3PN110SF30-A) มีน้ำท่วม ไม่มี Deduct,,,,,,,,
ALI073,85206,อลิอันซ์ ซี.พี. ประกันภัย,รถยนต์นั่งนิติบุคคล ไม่เกิน 2000 cc,ป.3,0,120 <=2000_AZCP 3_Gold (3VN120G-A),,,,,,,,
ALI074,85199,อลิอันซ์ ซี.พี. ประกันภัย,รถยนต์นั่งนิติบุคคล ไม่เกิน 2000 cc,ป.3,0,120 <=2000_AZCP 3_Silver (3VN120S-A),,,,,,,,
ALI075,85206,อลิอันซ์ ซี.พี. ประกันภัย,รถยนต์นั่งนิติบุคคล เกิน 2000 cc,ป.3,0,120 <=2000_AZCP 3_Gold (3VN120G-A),,,,,,,,
ALI076,85199,อลิอันซ์ ซี.พี. ประกันภัย,รถยนต์นั่งนิติบุคคล เกิน 2000 cc,ป.3,0,120 <=2000_AZCP 3_Silver (3VN120S-A),,,,,,,,
ALI077,85208,อลิอันซ์ ซี.พี. ประกันภัย,รถตู้,ป.3,0,210_AZCP 3_Gold (3VN210G),,,,,,,,
ALI078,85201,อลิอันซ์ ซี.พี. ประกันภัย,รถตู้,ป.3,0,210_AZCP 3_Silver (3VN210S),,,,,,,,
ALI079,85248,อลิอันซ์ ซี.พี. ประกันภัย,กระบะ,2 Plus GOLd,0,320_AZCP 2 Plus_Gold_No Deduct ทุน100000 (2PN320GT10) ไม่มีน้ำท่วม ไม่มีDeduct,,,,,,,,
ALI080,85251,อลิอันซ์ ซี.พี. ประกันภัย,กระบะ,2 Plus GOLd,0,320_AZCP 2 Plus_Gold_No Deduct ทุน200000 (2PN320GT20) ไม่มีน้ำท่วม ไม่มีDeduct,,,,,,,,
ALI081,85254,อลิอันซ์ ซี.พี. ประกันภัย,กระบะ,2 Plus GOLd,0,320_AZCP 2 Plus_Gold_No Deduct ทุน300000 (2PN320GT30) ไม่มีน้ำท่วม ไม่มีDeduct,,,,,,,,
ALI082,85213,อลิอันซ์ ซี.พี. ประกันภัย,กระบะ,2 Plus Silver,0,320_AZCP 2 Plus_Silver_No Deduct ทุน100000 (2PN320ST10) ไม่มีน้ำท่วม ไม่มีDeduct,,,,,,,,
ALI083,85216,อลิอันซ์ ซี.พี. ประกันภัย,กระบะ,2 Plus Silver,0,320_AZCP 2 Plus_Silver_No Deduct ทุน200000 (2PN320ST20) ไม่มีน้ำท่วม ไม่มีDeduct,,,,,,,,
ALI084,85219,อลิอันซ์ ซี.พี. ประกันภัย,กระบะ,2 Plus Silver,0,110 >2000_AZCP 2 Plus_Silver_No Deduct ทุน300000 (2PN320ST30) ไม่มีน้ำท่วม ไม่มีDeduct,,,,,,,,
ALI085,85284,อลิอันซ์ ซี.พี. ประกันภัย,กระบะ,3 Plus GOLd,0,320_AZCP 3 Plus_Gold_No Deduct ทุน100000 (3PN320GT10) ไม่มีน้ำท่วม ไม่มีDeduct,,,,,,,,
ALI086,85287,อลิอันซ์ ซี.พี. ประกันภัย,กระบะ,3 Plus GOLd,0,320_AZCP 3 Plus_Gold_No Deduct ทุน200000 (3PN320GT20) ไม่มีน้ำท่วม ไม่มีDeduct,,,,,,,,
ALI087,85290,อลิอันซ์ ซี.พี. ประกันภัย,กระบะ,3 Plus GOLd,0,320_AZCP 3 Plus_Gold_No Deduct ทุน300000 (3PN320GT30) ไม่มีน้ำท่วม ไม่มีDeduct,,,,,,,,
ALI088,85266,อลิอันซ์ ซี.พี. ประกันภัย,กระบะ,3 Plus Silver,0,320_AZCP 3 Plus_Silver_No Deduct ทุน100000 (3PN320ST10) ไม่มีน้ำท่วม ไม่มีDeduct,,,,,,,,
ALI089,85269,อลิอันซ์ ซี.พี. ประกันภัย,กระบะ,3 Plus Silver,0,320_AZCP 3 Plus_Silver_No Deduct ทุน200000 (3PN320ST20) ไม่มีน้ำท่วม ไม่มีDeduct,,,,,,,,
ALI090,85272,อลิอันซ์ ซี.พี. ประกันภัย,กระบะ,3 Plus Silver,0,320_AZCP 3 Plus_Silver_No Deduct ทุน300000 (3PN320ST30) ไม่มีน้ำท่วม ไม่มีDeduct,,,,,,,,
ALI091,85257,อลิอันซ์ ซี.พี. ประกันภัย,กระบะ,2 Plus GOLd,0,320_AZCP 2 Plus_Gold_Deduct ทุน100000 (2PD320GT10) ไม่มีน้ำท่วม Deduct,,,,,,,,
ALI092,85260,อลิอันซ์ ซี.พี. ประกันภัย,กระบะ,2 Plus GOLd,0,320_AZCP 2 Plus_Gold_Deduct ทุน200000 (2PD320GT20) ไม่มีน้ำท่วม Deduct,,,,,,,,
ALI093,85263,อลิอันซ์ ซี.พี. ประกันภัย,กระบะ,2 Plus GOLd,0,320_AZCP 2 Plus_Gold_Deduct ทุน300000 (2PD320GT30) ไม่มีน้ำท่วม Deduct,,,,,,,,
ALI094,85239,อลิอันซ์ ซี.พี. ประกันภัย,กระบะ,2 Plus Silver,0,320_AZCP 2 Plus_Silver_Deduct ทุน100000 (2PD320ST10) ไม่มีน้ำท่วม Deduct,,,,,,,,
ALI095,85242,อลิอันซ์ ซี.พี. ประกันภัย,กระบะ,2 Plus Silver,0,320_AZCP 2 Plus_Silver_Deduct ทุน200000 (2PD320ST20) ไม่มีน้ำท่วม Deduct,,,,,,,,
ALI096,85245,อลิอันซ์ ซี.พี. ประกันภัย,กระบะ,2 Plus Silver,0,320_AZCP 2 Plus_Silver_Deduct ทุน300000 (2PD320ST30) ไม่มีน้ำท่วม Deduct,,,,,,,,
ALI097,85293,อลิอันซ์ ซี.พี. ประกันภัย,กระบะ,3 Plus GOLd,0,320_AZCP 3 Plus_Gold_Deduct ทุน100000 (3PD320GT10) ไม่มีน้ำท่วม Deduct,,,,,,,,
ALI098,85296,อลิอันซ์ ซี.พี. ประกันภัย,กระบะ,3 Plus GOLd,0,320_AZCP 3 Plus_Gold_Deduct ทุน200000 (3PD320GT20) ไม่มีน้ำท่วม Deduct,,,,,,,,
ALI099,85299,อลิอันซ์ ซี.พี. ประกันภัย,กระบะ,3 Plus GOLd,0,320_AZCP 3 Plus_Gold_Deduct ทุน300000 (3PD320GT30) ไม่มีน้ำท่วม Deduct,,,,,,,,
ALI100,85275,อลิอันซ์ ซี.พี. ประกันภัย,กระบะ,3 Plus Silver,0,320_AZCP 3 Plus_Silver_Deduct ทุน100000 (3PD320ST10) ไม่มีน้ำท่วม Deduct,,,,,,,,
ALI101,85278,อลิอันซ์ ซี.พี. ประกันภัย,กระบะ,3 Plus Silver,0,320_AZCP 3 Plus_Silver_Deduct ทุน200000 (3PD320ST20) ไม่มีน้ำท่วม Deduct,,,,,,,,
ALI102,85281,อลิอันซ์ ซี.พี. ประกันภัย,กระบะ,3 Plus Silver,0,320_AZCP 3 Plus_Silver_Deduct ทุน300000 (3PD320ST30) ไม่มีน้ำท่วม Deduct,,,,,,,,
ALI103,85311,อลิอันซ์ ซี.พี. ประกันภัย,กระบะ,2 Plus GOLd,0,320_AZCP 2 Plus Flood_Gold_No Deduct ทุน100000 (2PN320GF10) มีน้ำท่วม ไม่มีDeduct,,,,,,,,
ALI104,85314,อลิอันซ์ ซี.พี. ประกันภัย,กระบะ,2 Plus GOLd,0,320_AZCP 2 Plus Flood_Gold_No Deduct ทุน200000 (2PN320GF20) มีน้ำท่วม ไม่มีDeduct,,,,,,,,
ALI105,85317,อลิอันซ์ ซี.พี. ประกันภัย,กระบะ,2 Plus GOLd,0,320_AZCP 2 Plus Flood_Gold_No Deduct ทุน300000 (2PN320GF30) มีน้ำท่วม ไม่มีDeduct,,,,,,,,
ALI106,85302,อลิอันซ์ ซี.พี. ประกันภัย,กระบะ,2 Plus Silver,0,320_AZCP 2 Plus Flood_Silver_No Deduct ทุน100000 (2PN320SF10) มีน้ำท่วม ไม่มีDeduct,,,,,,,,
ALI107,85305,อลิอันซ์ ซี.พี. ประกันภัย,กระบะ,2 Plus Silver,0,320_AZCP 2 Plus Flood_Silver_No Deduct ทุน200000 (2PN320SF20) มีน้ำท่วม ไม่มีDeduct,,,,,,,,
ALI108,85308,อลิอันซ์ ซี.พี. ประกันภัย,กระบะ,2 Plus Silver,0,320_AZCP 2 Plus Flood_Silver_No Deduct ทุน300000 (2PN320SF30) มีน้ำท่วม ไม่มีDeduct,,,,,,,,
ALI109,85329,อลิอันซ์ ซี.พี. ประกันภัย,กระบะ,3 Plus GOLd,0,320_AZCP 3 Plus Flood_Gold_No Deduct ทุน100000 (3PN320GF10) มีน้ำท่วม ไม่มีDeduct,,,,,,,,
ALI110,85332,อลิอันซ์ ซี.พี. ประกันภัย,กระบะ,3 Plus GOLd,0,320_AZCP 3 Plus Flood_Gold_No Deduct ทุน200000 (3PN320GF20) มีน้ำท่วม ไม่มีDeduct,,,,,,,,
ALI111,85335,อลิอันซ์ ซี.พี. ประกันภัย,กระบะ,3 Plus GOLd,0,320_AZCP 3 Plus Flood_Gold_No Deduct ทุน300000 (3PN320GF30) มีน้ำท่วม ไม่มีDeduct,,,,,,,,
ALI112,85320,อลิอันซ์ ซี.พี. ประกันภัย,กระบะ,3 Plus Silver,0,320_AZCP 3 Plus Flood_Silver_No Deduct ทุน100000 (3PN320SF10) มีน้ำท่วม ไม่มีDeduct,,,,,,,,
ALI113,85323,อลิอันซ์ ซี.พี. ประกันภัย,กระบะ,3 Plus Silver,0,320_AZCP 3 Plus Flood_Silver_No Deduct ทุน200000 (3PN320SF20) มีน้ำท่วม ไม่มีDeduct,,,,,,,,
ALI114,85326,อลิอันซ์ ซี.พี. ประกันภัย,กระบะ,3 Plus Silver,0,320_AZCP 3 Plus Flood_Silver_No Deduct ทุน300000 (3PN320SF30) มีน้ำท่วม ไม่มีDeduct,,,,,,,,
none,none,none,none,none,0,none,,,,,,,,
